<?xml version="1.0" encoding="utf-8"?><App xmlns="http://schemas.microsoft.com/sharepoint/2012/app/manifest" Name="project-management-tool-client-side-solution" ProductID="bccca28b-66c5-4884-9140-8ab78f0841b4" Version="1.0.0.0" SharePointMinVersion="16.0.0.0" IsClientSideSolution="true" SkipFeatureDeployment="true" IsDomainIsolated="false"><Properties><Title>project-management-tool-client-side-solution</Title><DeveloperProperties>{&quot;name&quot;:&quot;&quot;,&quot;websiteUrl&quot;:&quot;&quot;,&quot;privacyUrl&quot;:&quot;&quot;,&quot;termsOfUseUrl&quot;:&quot;&quot;,&quot;mpnId&quot;:&quot;Undefined-1.14.0&quot;}</DeveloperProperties><ShortDescription><LocalizedString CultureName="default">Project Management Tool description</LocalizedString></ShortDescription><LongDescription><LocalizedString CultureName="default">Project Management Tool description</LocalizedString></LongDescription><Screenshots></Screenshots></Properties></App>